                  epoch,         train/box_loss,         train/cls_loss,         train/dfl_loss,   metrics/precision(B),      metrics/recall(B),       metrics/mAP50(B),    metrics/mAP50-95(B),           val/box_loss,           val/cls_loss,           val/dfl_loss,                 lr/pg0,                 lr/pg1,                 lr/pg2
                      1,                 2.3085,                  4.065,                 1.8531,                0.05737,                0.21488,                0.04214,                 0.0174,                 1.8848,                 5.1144,                 1.7207,             0.00026672,             0.00026672,             0.00026672
                      2,                 2.0082,                 3.1548,                 1.6539,                0.74724,                0.08046,                0.07925,                0.03421,                 2.2344,                 3.2637,                 1.8572,             0.00053922,             0.00053922,             0.00053922
                      3,                 2.1514,                 2.8634,                 1.6717,                0.08927,                0.08968,                0.02169,                0.00847,                 2.4097,                 5.5761,                  2.017,             0.00080049,             0.00080049,             0.00080049
                      4,                 2.2358,                 2.9386,                  1.762,                0.05147,                0.03425,                0.01502,                  0.006,                 2.5902,                 9.6918,                 2.3363,              0.0010505,              0.0010505,              0.0010505
                      5,                 2.3323,                 3.0429,                 1.8442,                0.00086,                0.03218,                0.00036,                 0.0001,                 4.0899,                 4970.2,                 30.432,              0.0012894,              0.0012894,              0.0012894
                      6,                 2.2636,                   2.87,                 1.8216,                0.14955,                0.13205,                0.02661,                0.00972,                 3.1902,                 8.8156,                 2.8331,               0.001502,               0.001502,               0.001502
                      7,                 2.3195,                 2.8815,                 1.8401,                0.01161,                 0.1424,                0.00822,                0.00381,                 3.2024,                 361.03,                 3.7707,               0.001469,               0.001469,               0.001469
                      8,                 2.3097,                  2.891,                 1.8619,                0.14214,                0.09175,                0.06433,                0.03245,                 2.4497,                 5.0412,                 2.1387,               0.001436,               0.001436,               0.001436
                      9,                 2.3578,                 2.9625,                 1.9176,                0.05903,                0.14782,                0.02796,                0.00634,                 2.7351,                 5.5975,                 2.5114,              0.0014029,              0.0014029,              0.0014029
                     10,                 2.2163,                 2.7503,                 1.7794,                0.08799,                0.21281,                0.04946,                 0.0172,                 2.4832,                 5.6276,                 2.1868,              0.0013699,              0.0013699,              0.0013699
                     11,                 2.3175,                 2.8929,                 1.8338,                0.12152,                0.10545,                0.04784,                0.02486,                 2.5179,                   4.49,                 2.3028,              0.0013369,              0.0013369,              0.0013369
                     12,                 2.2729,                 2.8522,                 1.7993,                0.14012,                0.12511,                0.06927,                0.02526,                 2.5577,                 3.8842,                 2.2126,              0.0013039,              0.0013039,              0.0013039
                     13,                  2.184,                 2.5151,                 1.7415,                0.08947,                0.25725,                0.03832,                0.02246,                 2.7327,                 7.2948,                 2.4004,              0.0012709,              0.0012709,              0.0012709
                     14,                 2.0954,                 2.4217,                 1.6172,                0.27226,                0.19162,                0.14638,                0.05798,                 2.4628,                 3.7133,                 2.0705,              0.0012379,              0.0012379,              0.0012379
                     15,                 2.1513,                 2.5689,                 1.7917,                0.19347,                0.21217,                0.11045,                0.04263,                 2.3075,                 3.1197,                 1.9841,              0.0012049,              0.0012049,              0.0012049
                     16,                 2.2989,                 2.7538,                 1.8059,                0.11632,                0.12249,                0.04327,                0.01797,                 2.4792,                 3.4889,                 2.1486,              0.0011719,              0.0011719,              0.0011719
                     17,                 2.1328,                  2.557,                 1.7427,                0.16704,                0.13826,                0.08587,                0.04121,                 2.2591,                 3.1518,                 1.9634,              0.0011389,              0.0011389,              0.0011389
                     18,                 2.1115,                 2.5643,                 1.7451,                0.23846,                0.15737,                0.11661,                0.05689,                 2.2903,                 3.1355,                 2.0092,              0.0011059,              0.0011059,              0.0011059
                     19,                 2.0985,                 2.4707,                  1.751,                0.20208,                0.21695,                0.11514,                 0.0529,                 2.4208,                 3.1793,                 2.0114,              0.0010729,              0.0010729,              0.0010729
                     20,                 2.1032,                 2.5064,                 1.7563,                0.40311,                0.14925,                0.14891,                0.05598,                 2.3185,                  2.788,                 1.8703,              0.0010399,              0.0010399,              0.0010399
                     21,                 2.0718,                 2.4235,                 1.7673,                 0.2061,                0.18815,                0.14508,                0.06422,                 2.3016,                 2.7768,                 1.8467,              0.0010069,              0.0010069,              0.0010069
                     22,                 1.8846,                 2.1728,                 1.6006,                0.35935,                0.18393,                 0.1887,                0.08315,                 2.1142,                   2.62,                 1.7433,             0.00097386,             0.00097386,             0.00097386
                     23,                 1.9444,                 2.2723,                 1.6152,                0.43084,                0.18687,                0.16271,                0.07543,                  2.036,                 2.6474,                 1.7332,             0.00094085,             0.00094085,             0.00094085
                     24,                 1.9374,                 2.2487,                 1.5904,                0.27049,                0.16847,                0.14988,                0.07706,                 2.1441,                 2.8107,                 1.9206,             0.00090785,             0.00090785,             0.00090785
                     25,                 1.9417,                 2.2285,                 1.6337,                0.27017,                0.21488,                0.17559,                0.08018,                 2.2554,                  2.669,                 1.8728,             0.00087484,             0.00087484,             0.00087484
                     26,                 1.8705,                 2.1833,                 1.5953,                0.34894,                0.17522,                0.17563,                0.07848,                 2.1319,                 2.6979,                 1.8392,             0.00084184,             0.00084184,             0.00084184
                     27,                 1.8149,                 2.0491,                 1.5643,                0.27597,                0.31969,                0.24214,                0.10835,                 2.1542,                 2.6788,                 1.8833,             0.00080883,             0.00080883,             0.00080883
                     28,                 1.9272,                 2.1553,                 1.6268,                0.51965,                0.29914,                0.28571,                0.12233,                 2.0422,                 2.4187,                 1.7857,             0.00077582,             0.00077582,             0.00077582
                     29,                 1.8494,                 2.0805,                  1.592,                0.37733,                0.35457,                0.28782,                0.13017,                 2.0442,                 2.4604,                 1.7701,             0.00074282,             0.00074282,             0.00074282
                     30,                 1.7047,                 2.0363,                 1.4687,                0.39797,                0.25804,                 0.2765,                0.12277,                 2.0835,                 2.3235,                 1.7778,             0.00070981,             0.00070981,             0.00070981
                     31,                 1.8681,                 1.9294,                  1.521,                0.27102,                0.32303,                0.25144,                0.11352,                 2.0912,                 2.4544,                 1.7552,              0.0006768,              0.0006768,              0.0006768
                     32,                 1.7927,                 1.9162,                 1.5542,                0.34985,                0.29978,                0.25375,                0.12275,                  1.983,                 2.4005,                 1.7494,              0.0006438,              0.0006438,              0.0006438
                     33,                 1.8335,                 1.9292,                 1.5204,                0.53968,                0.20054,                0.24598,                0.11122,                 1.9292,                 2.6206,                 1.7372,             0.00061079,             0.00061079,             0.00061079
                     34,                 1.6534,                 1.7764,                 1.4502,                0.45986,                0.26282,                0.26488,                0.11953,                 1.9654,                 2.2637,                 1.7155,             0.00057778,             0.00057778,             0.00057778
                     35,                 1.6868,                  1.776,                 1.4742,                0.34133,                0.33737,                  0.293,                0.12361,                 2.2063,                 2.4995,                 1.9207,             0.00054478,             0.00054478,             0.00054478
                     36,                 1.6946,                 1.7961,                 1.4594,                0.36439,                0.23596,                0.25677,                0.11389,                 2.1239,                 2.3593,                  1.818,             0.00051177,             0.00051177,             0.00051177
                     37,                 1.7089,                 1.8421,                 1.4681,                0.42414,                0.32032,                0.27084,                0.12114,                 2.1063,                 2.3584,                 1.8103,             0.00047876,             0.00047876,             0.00047876
                     38,                 1.6205,                 1.6902,                 1.4346,                0.38204,                0.32924,                0.26664,                0.13298,                 2.0039,                 2.3954,                 1.7968,             0.00044576,             0.00044576,             0.00044576
                     39,                 1.6352,                 1.7084,                 1.4263,                0.36938,                0.30863,                0.27483,                0.12564,                 2.1174,                 2.3857,                 1.8304,             0.00041275,             0.00041275,             0.00041275
                     40,                 1.5623,                 1.6866,                 1.3817,                0.33587,                0.30185,                0.27283,                0.12949,                 2.0807,                 2.4207,                 1.7911,             0.00037974,             0.00037974,             0.00037974
                     41,                 1.7072,                 1.8106,                 1.4616,                0.35175,                0.24795,                0.22902,                0.11217,                 2.2097,                 2.4658,                 1.8859,             0.00034674,             0.00034674,             0.00034674
                     42,                 1.6035,                 1.6508,                 1.4108,                0.42939,                0.28401,                 0.2769,                0.12575,                 2.2367,                 2.2764,                 1.8808,             0.00031373,             0.00031373,             0.00031373
                     43,                 1.5734,                 1.5338,                    1.4,                0.39712,                0.29723,                0.29666,                0.13224,                 2.2494,                 2.2168,                 1.9207,             0.00028072,             0.00028072,             0.00028072
                     44,                 1.5929,                 1.5497,                 1.3888,                0.45059,                0.35999,                0.33179,                0.15523,                 2.1359,                 2.0854,                 1.7916,             0.00024772,             0.00024772,             0.00024772
                     45,                 1.6589,                 1.6552,                 1.4606,                0.42729,                0.36891,                0.31903,                0.15164,                 2.1202,                  2.201,                 1.7874,             0.00021471,             0.00021471,             0.00021471
                     46,                 1.6366,                 1.4514,                 1.5042,                0.38056,                0.36176,                0.31412,                 0.1542,                 2.1303,                 2.2507,                  1.769,              0.0001817,              0.0001817,              0.0001817
                     47,                   1.55,                 1.5541,                 1.4107,                0.46009,                0.32781,                0.31118,                0.15076,                 2.1558,                 2.1872,                 1.7669,              0.0001487,              0.0001487,              0.0001487
                     48,                 1.4652,                 1.3861,                 1.3342,                0.46989,                0.35629,                0.31852,                0.14652,                 2.1408,                 2.1714,                 1.7599,             0.00011569,             0.00011569,             0.00011569
                     49,                 1.3866,                 1.4221,                 1.2782,                0.50652,                0.32592,                0.31067,                0.14984,                 2.1448,                 2.2171,                 1.7592,             8.2683e-05,             8.2683e-05,             8.2683e-05
                     50,                 1.4796,                 1.4471,                 1.3565,                0.47622,                0.35048,                0.31912,                0.15276,                 2.1021,                 2.1963,                 1.7366,             4.9677e-05,             4.9677e-05,             4.9677e-05
